"Site","PFT","Treatment","Mean","SD","low_ci","upper_ci","DBH"
"Blodgett_FFS15","cedar","None",-2.59506185756491,0.14044973832247,-2.86662069948626,-2.32095361671219,15
"Blodgett_FFS15","cedar","Burn",0.287624205069582,0.190708321332967,-0.0943579066708006,0.66057714313153,15
"Blodgett_FFS15","cedar","Burn+Thin",1.3650043353985,0.219047488363682,0.931600364773041,1.79334051511993,15
"Blodgett_FFS15","cedar","Thin",0.904732004339219,0.205591370543443,0.488481246550883,1.29892570098713,15
"Blodgett_FFS15","cedar","None",-2.20076020185767,0.12554459520364,-2.44805826125574,-1.95080275403026,20
"Blodgett_FFS15","cedar","Burn",0.264122777380923,0.171908312191396,-0.0973111196614664,0.604979221871454,20
"Blodgett_FFS15","cedar","Burn+Thin",1.14486698268849,0.192286227382346,0.761904347512412,1.51421518411496,20
"Blodgett_FFS15","cedar","Thin",0.831959865028976,0.185555976497271,0.455934408560902,1.19041661535516,20
"Blodgett_FFS15","cedar","None",-1.67580863547431,0.118113533103467,-1.90971446501389,-1.43779578034965,30
"Blodgett_FFS15","cedar","Burn",0.230999375434924,0.158292645734718,-0.113158373851339,0.544499973615282,30
"Blodgett_FFS15","cedar","Burn+Thin",0.83460081019292,0.170187577665978,0.483533387919167,1.16663555416527,30
"Blodgett_FFS15","cedar","Thin",0.729393295338972,0.170493897967596,0.391361972078165,1.06260572335131,30
"Blodgett_FFS15","cedar","None",-1.34530114171588,0.119750875093045,-1.58392811092688,-1.10610211905617,40
"Blodgett_FFS15","cedar","Burn",0.207497947746265,0.159668298117012,-0.138055394043513,0.52498134962762,40
"Blodgett_FFS15","cedar","Burn+Thin",0.614463457482912,0.169130103345497,0.269352220027895,0.939952439333503,40
"Blodgett_FFS15","cedar","Thin",0.656621156028728,0.171157686227709,0.309773899016007,0.987083846808287,40
"Blodgett_FFS15","cedar","None",-1.13232423837999,0.12275427520514,-1.37549171119469,-0.881147106498264,50
"Blodgett_FFS15","cedar","Burn",0.189268824218658,0.167053085597892,-0.167271259123613,0.523587124656405,50
"Blodgett_FFS15","cedar","Burn+Thin",0.443711661091938,0.177116731889225,0.0784442774479718,0.77793213113904,50
"Blodgett_FFS15","cedar","Thin",0.600174699480268,0.178257038657798,0.242438447894602,0.940025456350736,50
"Blodgett_FFS15","cedar","None",-1.00261860947197,0.127284757403305,-1.25037837409704,-0.741981172584747,60
"Blodgett_FFS15","cedar","Burn",0.174374545800266,0.176699868123516,-0.195308359349498,0.520437276211902,60
"Blodgett_FFS15","cedar","Burn+Thin",0.304197284987338,0.188689473698951,-0.0831952055759987,0.657769911064878,60
"Blodgett_FFS15","cedar","Thin",0.554054586338724,0.187875154801086,0.165898124846213,0.910678108017541,60
"Blodgett_FFS15","cedar","None",-0.937909292517483,0.136411063410988,-1.1931924760355,-0.654859039462669,70
"Blodgett_FFS15","cedar","Burn",0.161781612830051,0.187002861056279,-0.229023201605134,0.528064956900239,70
"Blodgett_FFS15","cedar","Burn+Thin",0.186239560731481,0.201414851008256,-0.224810264215975,0.563764232097588,70
"Blodgett_FFS15","cedar","Thin",0.515060586290152,0.198300701138678,0.111038280236262,0.888328924727591,70
"Blodgett_FFS15","cedar","None",-0.927287763508764,0.153773465401999,-1.21543353685599,-0.609934757581135,80
"Blodgett_FFS15","cedar","Burn",0.150873118111607,0.197268463976846,-0.254098754345985,0.53280124723561,80
"Blodgett_FFS15","cedar","Burn+Thin",0.0840599322773305,0.214228585706902,-0.347387585644918,0.488067476382996,80
"Blodgett_FFS15","cedar","Thin",0.48128244702848,0.208776037037019,0.0585622736314324,0.878591935190086,80
"Blodgett_FFS15","cedar","None",-0.963717800793809,0.181793501688697,-1.30462028534364,-0.593363888113823,90
"Blodgett_FFS15","cedar","Burn",0.141251143854267,0.207202404980738,-0.286189878667016,0.540181121471959,90
"Blodgett_FFS15","cedar","Burn+Thin",-0.00606888750823586,0.226676181027747,-0.461941623135641,0.421879645535612,90
"Blodgett_FFS15","cedar","Thin",0.45148801664872,0.218968664705116,0.0101773367458705,0.867027024267521,90
"Blodgett_FFS15","cedar","None",-1.04239512162388,0.221074974724799,-1.46501064875764,-0.609303607238767,100
"Blodgett_FFS15","cedar","Burn",0.132643994584,0.216690377269451,-0.3100024529107,0.552152830711563,100
"Blodgett_FFS15","cedar","Burn+Thin",-0.0866918641136442,0.2385775125981,-0.565703632313371,0.36056122445904,100
"Blodgett_FFS15","cedar","Thin",0.424835990480021,0.228741441417097,-0.0277604050830955,0.863258830111396,100
"Blodgett_FFS15","fir","None",-1.80515896076717,0.203780935935986,-2.22895710906192,-1.42021025418515,15
"Blodgett_FFS15","fir","Burn",0.154481764196059,0.300446140592504,-0.389225524775218,0.725081122493559,15
"Blodgett_FFS15","fir","Burn+Thin",0.666535947243148,0.343718510088356,0.0143376670659406,1.39390031676668,15
"Blodgett_FFS15","fir","Thin",0.804295642763878,0.282497753050683,0.290289567489147,1.42821837817224,15
"Blodgett_FFS15","fir","None",-1.50260719780954,0.194489909401146,-1.90892711432694,-1.13755803621527,20
"Blodgett_FFS15","fir","Burn",0.111512836686895,0.289298255468157,-0.408753155192711,0.657714918482473,20
"Blodgett_FFS15","fir","Burn+Thin",0.494460766651499,0.317376626926566,-0.109192315080829,1.185498220338,20
"Blodgett_FFS15","fir","Thin",0.674314050209776,0.271304785850559,0.186655685763835,1.28132173194552,20
"Blodgett_FFS15","fir","None",-1.10212718408074,0.190354270853795,-1.50228680669292,-0.749036840641485,30
"Blodgett_FFS15","fir","Burn",0.0509515347979299,0.280083413703195,-0.452779234409549,0.56997836880797,30
"Blodgett_FFS15","fir","Burn+Thin",0.25193442113854,0.292064445792793,-0.304894479919837,0.917862882135892,30
"Blodgett_FFS15","fir","Thin",0.491115284892712,0.263055163746662,0.0174066333185452,1.08462021217616,30
"Blodgett_FFS15","fir","None",-0.853334524895969,0.191757670006887,-1.25216607267274,-0.500935806238518,40
"Blodgett_FFS15","fir","Burn",0.00798260728876536,0.278524411261314,-0.494956342064991,0.525160006116191,40
"Blodgett_FFS15","fir","Burn+Thin",0.0798592405468918,0.284298940661549,-0.461293336462284,0.739397065920245,40
"Blodgett_FFS15","fir","Thin",0.36113369233861,0.262947297911163,-0.1131074685944,0.952437170506398,40
"Blodgett_FFS15","fir","None",-0.696916009029211,0.193662563027696,-1.09603489241091,-0.344562368559265,50
"Blodgett_FFS15","fir","Burn",-0.025346682224626,0.280232968547608,-0.530776787828035,0.4964036999911,50
"Blodgett_FFS15","fir","Burn+Thin",-0.0536126388893575,0.284696928890229,-0.595364858996611,0.600546034169535,50
"Blodgett_FFS15","fir","Thin",0.260312136373003,0.266181799847269,-0.221568117358376,0.861237964857232,50
"Blodgett_FFS15","fir","None",-0.606451950518192,0.195461843479082,-1.00779586670534,-0.248997175259522,60
"Blodgett_FFS15","fir","Burn",-0.0525786946001992,0.283492085049043,-0.560353286037727,0.477712895308096,60
"Blodgett_FFS15","fir","Burn+Thin",-0.162667104966067,0.289198429883047,-0.712950316680267,0.489155245892211,60
"Blodgett_FFS15","fir","Thin",0.177934927021546,0.270905176308906,-0.314634375000752,0.785108602649017,60
"Blodgett_FFS15","fir","None",-0.567849284293563,0.198247795065162,-0.977509741285291,-0.19985419258538,70
"Blodgett_FFS15","fir","Burn",-0.0756030329975672,0.287511570346065,-0.589758382462242,0.465225124988494,70
"Blodgett_FFS15","fir","Burn+Thin",-0.254871342246258,0.29580855726314,-0.819956448338797,0.399990058348148,70
"Blodgett_FFS15","fir","Thin",0.108285988919562,0.276284804883604,-0.395859808908609,0.724285373405742,70
"Blodgett_FFS15","fir","None",-0.572695706424863,0.203960018132871,-0.995067068942535,-0.189212850040094,80
"Blodgett_FFS15","fir","Burn",-0.0955476221093638,0.291891115210994,-0.617746510706691,0.4569569595652,80
"Blodgett_FFS15","fir","Burn+Thin",-0.334742285557716,0.303477704345723,-0.916225421547138,0.325629122691087,80
"Blodgett_FFS15","fir","Thin",0.0479533344674437,0.281912810660006,-0.468603346040107,0.667500465564308,80
"Blodgett_FFS15","fir","None",-0.615565108392127,0.214873542218637,-1.06522089731737,-0.205016519267505,90
"Blodgett_FFS15","fir","Burn",-0.113139996489164,0.29641525141295,-0.643180230730564,0.450447778514399,90
"Blodgett_FFS15","fir","Burn+Thin",-0.405193450479026,0.311629630315803,-1.00541204699349,0.264466323565504,90
"Blodgett_FFS15","fir","Thin",-0.00526383829551826,0.287579092477675,-0.535691029582508,0.619603725031853,90
"Blodgett_FFS15","fir","None",-0.692752581389953,0.233050125370423,-1.17737041980071,-0.239497279039695,100
"Blodgett_FFS15","fir","Burn",-0.128876911622755,0.300963610935894,-0.668800789753433,0.447538762332979,100
"Blodgett_FFS15","fir","Burn+Thin",-0.468214164993965,0.319939424893553,-1.08592370534956,0.208756424652443,100
"Blodgett_FFS15","fir","Thin",-0.0528682214981635,0.293172940540423,-0.595956479594574,0.578281350880599,100
"Blodgett_FFS15","yellow_pine","None",-2.55933331770603,0.255543904268673,-3.07304607107478,-2.08114503777918,15
"Blodgett_FFS15","yellow_pine","Burn",0.682419560514507,0.352009128351798,-0.0060611945274794,1.37326026972654,15
"Blodgett_FFS15","yellow_pine","Burn+Thin",0.524169737442509,0.371712615725269,-0.214246175021865,1.22885823773824,15
"Blodgett_FFS15","yellow_pine","Thin",-1.29381709102731,0.720263609904654,-2.72054665497003,0.118737654750906,15
"Blodgett_FFS15","yellow_pine","None",-2.06624162030079,0.199208654982033,-2.46582928568133,-1.69361344947399,20
"Blodgett_FFS15","yellow_pine","Burn",0.563774823296514,0.293160617449077,-0.0117391162011352,1.13828755830998,20
"Blodgett_FFS15","yellow_pine","Burn+Thin",0.425262844682691,0.309914281637657,-0.192719231784875,1.01245387013923,20
"Blodgett_FFS15","yellow_pine","Thin",-1.06369133736842,0.596313392288741,-2.23926905585607,0.103958954623905,20
"Blodgett_FFS15","yellow_pine","None",-1.40989748051271,0.135430101538348,-1.68252919772532,-1.1527157207645,30
"Blodgett_FFS15","yellow_pine","Burn",0.396554458146296,0.21504674977953,-0.028276197224082,0.818622049002932,30
"Blodgett_FFS15","yellow_pine","Burn+Thin",0.28586140884166,0.226863742405457,-0.171064666548302,0.712386944846529,30
"Blodgett_FFS15","yellow_pine","Thin",-0.739347304420684,0.425147603252304,-1.57827319250216,0.0879204949513185,30
"Blodgett_FFS15","yellow_pine","None",-0.996854799275266,0.108283442947364,-1.21362705437069,-0.781632166976845,40
"Blodgett_FFS15","yellow_pine","Burn",0.277909720928303,0.166972943492481,-0.0518859033488012,0.605910015004592,40
"Blodgett_FFS15","yellow_pine","Burn+Thin",0.186954516081843,0.1741578512416,-0.178429169697574,0.511400059022076,40
"Blodgett_FFS15","yellow_pine","Thin",-0.509221550761798,0.309579956701622,-1.12258254825774,0.0902072185319985,40
"Blodgett_FFS15","yellow_pine","None",-0.730913102663929,0.0982348795979544,-0.925475302251755,-0.531301841475425,50
"Blodgett_FFS15","yellow_pine","Burn",0.185881713128124,0.138699269562974,-0.0847726964344864,0.465828802257116,50
"Blodgett_FFS15","yellow_pine","Burn+Thin",0.11023636985958,0.141191205177423,-0.200870729790944,0.368745839223383,50
"Blodgett_FFS15","yellow_pine","Thin",-0.330722148686926,0.228804391058736,-0.785991748253025,0.108798516727426,50
"Blodgett_FFS15","yellow_pine","None",-0.569222134252312,0.0937092032556753,-0.751940324238571,-0.37046939448351,60
"Blodgett_FFS15","yellow_pine","Burn",0.110689355778085,0.125736163249415,-0.130084922905175,0.370109931465085,60
"Blodgett_FFS15","yellow_pine","Burn+Thin",0.0475530802408112,0.123818652348266,-0.231368081326912,0.271604179305985,60
"Blodgett_FFS15","yellow_pine","Thin",-0.184877517814063,0.17700002298836,-0.546638982286169,0.149122713206964,60
"Blodgett_FFS15","yellow_pine","None",-0.488924262313912,0.0904722401310336,-0.661542730375964,-0.294536394160329,70
"Blodgett_FFS15","yellow_pine","Burn",0.0471151234868265,0.124340995072396,-0.193341618691601,0.30366823827805,70
"Blodgett_FFS15","yellow_pine","Burn+Thin",-0.00544488598137362,0.119029432238533,-0.277873239879594,0.211992840755145,70
"Blodgett_FFS15","yellow_pine","Thin",-0.0615676394127123,0.154062919510587,-0.382780591398579,0.226480367934814,70
"Blodgett_FFS15","yellow_pine","None",-0.47637551768605,0.0897368980366878,-0.646436547773763,-0.287367863706654,80
"Blodgett_FFS15","yellow_pine","Burn",-0.00795538143990822,0.130562552457275,-0.262298451561401,0.259852399284465,80
"Blodgett_FFS15","yellow_pine","Burn+Thin",-0.051353812519006,0.123215520359417,-0.324375493239781,0.178962301488923,80
"Blodgett_FFS15","yellow_pine","Thin",0.0452482358448233,0.15715452315558,-0.284634032425158,0.338333429569224,80
"Blodgett_FFS15","yellow_pine","None",-0.522775260504573,0.0960845265684984,-0.704975996393284,-0.322414196113248,90
"Blodgett_FFS15","yellow_pine","Burn",-0.0565310093721334,0.141068592699093,-0.331046504841252,0.230509658760384,90
"Blodgett_FFS15","yellow_pine","Burn+Thin",-0.0918483556002204,0.132793965974518,-0.374513595871072,0.16097044439938,90
"Blodgett_FFS15","yellow_pine","Thin",0.139466515133672,0.177077001333507,-0.232573835087758,0.470787190021424,90
"Blodgett_FFS15","yellow_pine","None",-0.622114475651945,0.114138106036706,-0.840231536453173,-0.386416419361419,100
"Blodgett_FFS15","yellow_pine","Burn",-0.0999833892400876,0.153651238726252,-0.3997581064352,0.2056141614569,100
"Blodgett_FFS15","yellow_pine","Burn+Thin",-0.128071958741269,0.145137884800846,-0.428845772333968,0.14648518371931,100
"Blodgett_FFS15","yellow_pine","Thin",0.223747637919696,0.204761724089501,-0.19975008496106,0.612186008500691,100
"Blodgett_FFS15","white_pine","None",-1.90503395085511,0.27671183413659,-2.45856295031398,-1.37089236735048,15
"Blodgett_FFS15","white_pine","Burn",-0.270121574953158,0.428281820052548,-1.13037894044396,0.578485147248989,15
"Blodgett_FFS15","white_pine","Burn+Thin",1.13761178154797,0.421251871638916,0.329227286404956,1.97176057237173,15
"Blodgett_FFS15","white_pine","Thin",1.51001614554328,0.422811348687032,0.696583226399386,2.35375126672004,15
"Blodgett_FFS15","white_pine","None",-1.51640627265969,0.221045636084677,-1.96241087757167,-1.09177903487551,20
"Blodgett_FFS15","white_pine","Burn",-0.282511554172949,0.357148541933399,-0.996636196310129,0.420946473601158,20
"Blodgett_FFS15","white_pine","Burn+Thin",0.894273674172842,0.352916277029316,0.216448259815128,1.59504754457274,20
"Blodgett_FFS15","white_pine","Thin",1.24938924608674,0.353321600275565,0.567598738472778,1.95210608034975,20
"Blodgett_FFS15","white_pine","None",-0.983567977534573,0.155245278613128,-1.29972830390583,-0.685668344180074,30
"Blodgett_FFS15","white_pine","Burn",-0.299974249088192,0.261722945039219,-0.827696325731593,0.214722138682819,30
"Blodgett_FFS15","white_pine","Burn+Thin",0.551307874556568,0.261511260762169,0.0473910317665123,1.07849183995303,30
"Blodgett_FFS15","white_pine","Thin",0.882056262618498,0.259797461580424,0.376745010502361,1.40223759496785,30
"Blodgett_FFS15","white_pine","None",-0.625819818769404,0.124072765014259,-0.879989351885689,-0.388798655773671,40
"Blodgett_FFS15","white_pine","Burn",-0.312364228307983,0.201412715068123,-0.718737275744444,0.0818550483344257,40
"Blodgett_FFS15","white_pine","Burn+Thin",0.307969767181443,0.20395238621788,-0.0838522930264303,0.719145122430211,40
"Blodgett_FFS15","white_pine","Thin",0.621429363161962,0.200147988289352,0.235947971044162,1.02912025944584,40
"Blodgett_FFS15","white_pine","None",-0.369329086247953,0.111783220095854,-0.598010665748084,-0.154339227184756,50
"Blodgett_FFS15","white_pine","Burn",-0.321974642819568,0.163971851935545,-0.6523995584344,-0.00389841019281593,50
"Blodgett_FFS15","white_pine","Burn+Thin",0.119222067378684,0.168162415184016,-0.206302815991581,0.455992044021392,50
"Blodgett_FFS15","white_pine","Thin",0.419271434386297,0.162333346146226,0.112383257390555,0.755962506710716,50
"Blodgett_FFS15","white_pine","None",-0.181208722016457,0.10880000699352,-0.403430214298182,0.0284994141753728,60
"Blodgett_FFS15","white_pine","Burn",-0.329826923223227,0.144526432194909,-0.622914861167016,-0.0502606945668383,60
"Blodgett_FFS15","white_pine","Burn+Thin",-0.0349960324348301,0.149121288312866,-0.329560991031074,0.266422992963031,60
"Blodgett_FFS15","white_pine","Thin",0.25409637969372,0.141648535864665,-0.0165908224002209,0.544991853499501,60
"Blodgett_FFS15","white_pine","None",-0.0439157678299253,0.11020857405509,-0.267597115496093,0.171621835106942,70
"Blodgett_FFS15","white_pine","Burn",-0.336465931707485,0.139461233716853,-0.619733721286251,-0.0677339936795408,70
"Blodgett_FFS15","white_pine","Burn+Thin",-0.165385577949667,0.143265989564901,-0.445180324303577,0.118805217367302,70
"Blodgett_FFS15","white_pine","Thin",0.114442860827925,0.134885899536757,-0.144919441294746,0.391326156647705,70
"Blodgett_FFS15","white_pine","None",0.0530213590276791,0.114807344537125,-0.175204870819062,0.278238675364454,80
"Blodgett_FFS15","white_pine","Burn",-0.342216902443018,0.144549263739327,-0.633454914933044,-0.0680127788288129,80
"Blodgett_FFS15","white_pine","Burn+Thin",-0.278334139809956,0.14682394924617,-0.567804448358071,0.00390774316057208,80
"Blodgett_FFS15","white_pine","Thin",-0.00653051976281591,0.138298891590459,-0.273101289706499,0.270167224004738,80
"Blodgett_FFS15","white_pine","None",0.116357044116215,0.123578553241122,-0.124857208625608,0.355135216656927,90
"Blodgett_FFS15","white_pine","Burn",-0.34728961813847,0.155700864761703,-0.660393423675191,-0.0495111140064742,90
"Blodgett_FFS15","white_pine","Burn+Thin",-0.377961832051103,0.156223338030615,-0.686475090279938,-0.0838381164922262,90
"Blodgett_FFS15","white_pine","Thin",-0.113236603774524,0.148039567364755,-0.402310460429833,0.181855430235713,90
"Blodgett_FFS15","white_pine","None",0.150703134479233,0.138269671375634,-0.119045664559175,0.417551675317468,100
"Blodgett_FFS15","white_pine","Burn",-0.351827316954603,0.169955573131384,-0.691026076035665,-0.0221730374995329,100
"Blodgett_FFS15","white_pine","Burn+Thin",-0.467081839612715,0.168798946618814,-0.802191453604544,-0.151530026750747,100
"Blodgett_FFS15","white_pine","Thin",-0.208688448538482,0.161160652914461,-0.524243724503444,0.109748442996552,100
"LaTour15","fir","None",-2.34510190721169,0.236614665270286,-2.82033194812916,-1.90916731219799,15
"LaTour15","fir","Thin",0.705032238145211,0.274272832839685,0.176819785467835,1.2617804694817,15
"LaTour15","fir","None",-1.97765440384597,0.184676791011503,-2.34745077395497,-1.63458113396186,20
"LaTour15","fir","Thin",0.637478760514871,0.22886031941388,0.201200537066103,1.105028867226,20
"LaTour15","fir","None",-1.50937756362086,0.128886320911781,-1.77214826288959,-1.26935988911668,30
"LaTour15","fir","Thin",0.542267481351624,0.17397304036217,0.212226550943697,0.902349370521423,30
"LaTour15","fir","None",-1.24473569814228,0.108706560986007,-1.46842694443122,-1.03712902790524,40
"LaTour15","fir","Thin",0.474714003721285,0.14744478470487,0.194028306174447,0.781606899047153,40
"LaTour15","fir","None",-1.10937875897445,0.104062181406817,-1.32597518848156,-0.908645232596991,50
"LaTour15","fir","Thin",0.422315455651921,0.138634855034071,0.156349850628296,0.711426958438355,50
"LaTour15","fir","None",-1.07018925188045,0.104501929961298,-1.28411002320174,-0.865708865668325,60
"LaTour15","fir","Thin",0.379502724558038,0.140766129519919,0.107542967419043,0.662504369910328,60
"LaTour15","fir","None",-1.10950129688418,0.107516149597774,-1.32529318289064,-0.900411000184672,70
"LaTour15","fir","Thin",0.343305076186474,0.148933558455642,0.0504644763744273,0.635996115683243,70
"LaTour15","fir","None",-1.21676993795045,0.115205385905671,-1.44583155344165,-0.994664799321269,80
"LaTour15","fir","Thin",0.311949246927698,0.160032296050883,-0.00386976874920497,0.625129866900905,80
"LaTour15","fir","None",-1.38519346222407,0.131251808110243,-1.64826147534032,-1.12985674870176,90
"LaTour15","fir","Thin",0.284291445394791,0.172331195380161,-0.0599429989831673,0.621979625352511,90
"LaTour15","fir","None",-1.61012770791651,0.15829089030194,-1.93120972880306,-1.3013078944959,100
"LaTour15","fir","Thin",0.259550698858334,0.184929480392809,-0.112953426486215,0.621054968377752,100
"Sequoia_FFS15","cedar","None",-1.97420110738698,0.275368523108622,-2.51880185201737,-1.42442364738653,15
"Sequoia_FFS15","cedar","Burn",0.844766304683662,0.498384486679316,-0.139961709575463,1.80998558163271,15
"Sequoia_FFS15","cedar","None",-1.84466522111029,0.242998588559053,-2.32024014070848,-1.3644920133346,20
"Sequoia_FFS15","cedar","Burn",0.734658472174925,0.430152143713559,-0.112368441357268,1.56979483172688,20
"Sequoia_FFS15","cedar","None",-1.67448403111212,0.2234501884141,-2.10530412406546,-1.23362182983808,30
"Sequoia_FFS15","cedar","Burn",0.579470198428067,0.353494425548635,-0.115577676975177,1.2597404772683,30
"Sequoia_FFS15","cedar","None",-1.57062169428789,0.22744259699543,-2.00493420049155,-1.12403725071128,40
"Sequoia_FFS15","cedar","Burn",0.469362365919331,0.321045514731156,-0.157728881483263,1.08984419461752,40
"Sequoia_FFS15","cedar","None",-1.50751967001058,0.236416693499673,-1.95714365808357,-1.04205716360946,50
"Sequoia_FFS15","cedar","Burn",0.383956095851432,0.312961376671491,-0.220988937833291,0.996058453099501,50
"Sequoia_FFS15","cedar","None",-1.47379350272532,0.244331570503544,-1.93972956516198,-0.994383355002121,60
"Sequoia_FFS15","cedar","Burn",0.314174092172473,0.318502323775788,-0.29882036286262,0.940859344435353,60
"Sequoia_FFS15","cedar","None",-1.46337037714039,0.249806950030879,-1.94126033578073,-0.972745029175615,70
"Sequoia_FFS15","cedar","Burn",0.25517424873116,0.331353505363353,-0.388149274498659,0.91035023779798,70
"Sequoia_FFS15","cedar","None",-1.47262536371093,0.253310077318709,-1.95880902696057,-0.974446092044864,80
"Sequoia_FFS15","cedar","Burn",0.204066259663737,0.347884732838162,-0.472706501244064,0.889804632385531,80
"Sequoia_FFS15","cedar","None",-1.49922030855541,0.256226467758586,-1.99506794306914,-0.993216209550841,90
"Sequoia_FFS15","cedar","Burn",0.158985818425615,0.366068292323594,-0.551172932568247,0.883235526137039,90
"Sequoia_FFS15","cedar","None",-1.5415587366177,0.260528067923519,-2.04412676966321,-1.02313844352197,100
"Sequoia_FFS15","cedar","Burn",0.118659989595838,0.384790305315352,-0.627561480098444,0.886270534432461,100
"Sequoia_FFS15","fir","None",-2.20305179153857,0.233078052349603,-2.66329395356044,-1.75782762008204,15
"Sequoia_FFS15","fir","Burn",0.989960528412905,0.276854165177232,0.423180707946258,1.52805704493155,15
"Sequoia_FFS15","fir","None",-1.9567110928853,0.217578009582418,-2.38263548092378,-1.54562369193046,20
"Sequoia_FFS15","fir","Burn",0.799843879049568,0.260099367341233,0.264130351641052,1.30441079038128,20
"Sequoia_FFS15","fir","None",-1.63116826096596,0.205882708526992,-2.03764407061467,-1.23538366815218,30
"Sequoia_FFS15","fir","Burn",0.531889511471838,0.244087640821622,0.043463951626918,1.0026685907104,30
"Sequoia_FFS15","fir","None",-1.4297012649069,0.204473320742983,-1.82887763720223,-1.03142773804407,40
"Sequoia_FFS15","fir","Burn",0.341772862108501,0.238997260461313,-0.130132473521442,0.799248651912311,40
"Sequoia_FFS15","fir","None",-1.30394867239082,0.206266154029579,-1.7064271451934,-0.902457876636242,50
"Sequoia_FFS15","fir","Burn",0.194306932301547,0.238915876616804,-0.277642828643558,0.658923312647938,50
"Sequoia_FFS15","fir","None",-1.23236901182817,0.208803589709891,-1.64280281459289,-0.823131245572745,60
"Sequoia_FFS15","fir","Burn",0.073818494530772,0.241372784685578,-0.406980280190152,0.545483414703491,60
"Sequoia_FFS15","fir","None",-1.2034714062557,0.211358491507567,-1.61927497322583,-0.789533792613414,70
"Sequoia_FFS15","fir","Burn",-0.0280530280708013,0.245170851793783,-0.516457582021858,0.459737271787416,70
"Sequoia_FFS15","fir","None",-1.21039682614597,0.213977965301591,-1.63428820292881,-0.792098226144738,80
"Sequoia_FFS15","fir","Burn",-0.116298154832565,0.249678187441029,-0.616464342914071,0.38181705567439,80
"Sequoia_FFS15","fir","None",-1.24872105681712,0.217116831617922,-1.6789802721805,-0.826546257299714,90
"Sequoia_FFS15","fir","Burn",-0.194135873046958,0.254542367631621,-0.700904082171954,0.31276087042663,90
"Sequoia_FFS15","fir","None",-1.31542327554298,0.221470021412421,-1.75088627162113,-0.885007066921841,100
"Sequoia_FFS15","fir","Burn",-0.26376408463952,0.259559535265921,-0.777620175093805,0.24915431538749,100
"Sequoia_FFS15","white_pine","None",-1.99337510752777,0.240684472907477,-2.47267959543488,-1.53276494399525,15
"Sequoia_FFS15","white_pine","Burn",0.686576431762112,0.395288295615008,-0.0725019057251405,1.45572749696912,15
"Sequoia_FFS15","white_pine","None",-1.72151786874352,0.221306733421123,-2.16403006250164,-1.29771553030017,20
"Sequoia_FFS15","white_pine","Burn",0.536072392994135,0.350998014917105,-0.140827293757317,1.21381535845499,20
"Sequoia_FFS15","white_pine","None",-1.35434407603745,0.212700497062148,-1.78166682879355,-0.944023718133656,30
"Sequoia_FFS15","white_pine","Burn",0.323948864302574,0.299876713022682,-0.267072197606269,0.896656240848112,30
"Sequoia_FFS15","white_pine","None",-1.11561639842698,0.218133109386758,-1.54717398938935,-0.698693248771235,40
"Sequoia_FFS15","white_pine","Burn",0.173444825534598,0.275251403679488,-0.370422517444907,0.707460634883741,40
"Sequoia_FFS15","white_pine","None",-0.952975313809279,0.225720961369285,-1.39724923195791,-0.517649338034579,50
"Sequoia_FFS15","white_pine","Burn",0.0567048235887105,0.264909657784962,-0.46516626252573,0.576889126954689,50
"Sequoia_FFS15","white_pine","None",-0.843098494788847,0.231773872449869,-1.30067222276278,-0.394991712962959,60
"Sequoia_FFS15","white_pine","Burn",-0.0386787031569628,0.26289630596806,-0.556038661534096,0.476033781154005,60
"Sequoia_FFS15","white_pine","None",-0.773545101681863,0.235382847266621,-1.23637816174988,-0.317722443511418,70
"Sequoia_FFS15","white_pine","Burn",-0.119324325927636,0.265843573472106,-0.641337478437665,0.402283060593448,70
"Sequoia_FFS15","white_pine","None",-0.736889061873507,0.236707656316279,-1.20352919803512,-0.279982351452352,80
"Sequoia_FFS15","white_pine","Burn",-0.189182741924939,0.271739364639359,-0.717158198074599,0.345076541792193,80
"Sequoia_FFS15","white_pine","None",-0.72834040626396,0.236429839618694,-1.19566663688814,-0.273641172176479,90
"Sequoia_FFS15","white_pine","Burn",-0.250802231848524,0.279356490645788,-0.789671650568139,0.300755442442679,90
"Sequoia_FFS15","white_pine","None",-0.744628577578111,0.235585721714941,-1.21166046971096,-0.293085129284261,100
"Sequoia_FFS15","white_pine","Burn",-0.305922743870827,0.287938711144308,-0.859343678273448,0.260658952434038,100
"Sequoia_Tharp15","fir","None",-1.60186739329784,0.144795491200387,-1.86628472906015,-1.31566732858872,15
"Sequoia_Tharp15","fir","Burn",0.380575243524637,0.249918474807388,-0.11420559461008,0.858201344790054,15
"Sequoia_Tharp15","fir","None",-1.53304381298151,0.138364946781978,-1.78632950261221,-1.25982758913444,20
"Sequoia_Tharp15","fir","Burn",0.315532402785278,0.231304997540639,-0.145962166838116,0.745155388471087,20
"Sequoia_Tharp15","fir","None",-1.45129188890032,0.13419076967384,-1.70461979845796,-1.18802275158121,30
"Sequoia_Tharp15","fir","Burn",0.223859667576981,0.210827260126434,-0.209405898093663,0.627586493017745,30
"Sequoia_Tharp15","fir","None",-1.41406856904551,0.134109319173679,-1.66640618022398,-1.15102253509689,40
"Sequoia_Tharp15","fir","Burn",0.158816826837623,0.201389503779012,-0.258096168228466,0.547783697296738,40
"Sequoia_Tharp15","fir","None",-1.40668637245002,0.134964288462321,-1.66693491570317,-1.14290513199053,50
"Sequoia_Tharp15","fir","Burn",0.108365680033618,0.197454536688412,-0.290281697304461,0.485654262351078,50
"Sequoia_Tharp15","fir","None",-1.42260310342581,0.135810870129019,-1.68811819180736,-1.15633802339767,60
"Sequoia_Tharp15","fir","Burn",0.0671440916293259,0.196583760641266,-0.317773975786844,0.451926848962102,60
"Sequoia_Tharp15","fir","None",-1.45832895555884,0.136505675887303,-1.72535666185377,-1.19267168690524,70
"Sequoia_Tharp15","fir","Burn",0.0322917352331906,0.197519717739929,-0.365126189843355,0.422817796478861,70
"Sequoia_Tharp15","fir","None",-1.51178082541711,0.137278774167591,-1.78043757091555,-1.24696669346486,80
"Sequoia_Tharp15","fir","Burn",0.00210125088996716,0.199553537554497,-0.395993365730864,0.385398872057735,80
"Sequoia_Tharp15","fir","None",-1.58161506857528,0.138576422372736,-1.84601510737546,-1.31264490066463,90
"Sequoia_Tharp15","fir","Burn",-0.0245286435789711,0.202262247586438,-0.418771170337467,0.369173458412981,90
"Sequoia_Tharp15","fir","None",-1.66691425405232,0.140981581838299,-1.9323933637615,-1.38830750799843,100
"Sequoia_Tharp15","fir","Burn",-0.0483498959140376,0.205383356724431,-0.446615423150779,0.350336866541191,100
"STEF-VDT15","cedar","None",-2.57884454156411,0.109400885268628,-2.79733207449415,-2.36316106485128,15
"STEF-VDT15","cedar","Burn",0.31321226004428,0.156238842500737,0.00526571884250253,0.622796295922853,15
"STEF-VDT15","cedar","Burn+Thin",1.07929663088029,0.178280612129148,0.729876512093889,1.42881525319049,15
"STEF-VDT15","cedar","Thin",1.67351496847947,0.168630790749597,1.34438221032378,2.00935451740926,15
"STEF-VDT15","cedar","None",-2.25705355337426,0.0990185996587349,-2.45706672186271,-2.06177396736544,20
"STEF-VDT15","cedar","Burn",0.224010035070532,0.14179375190214,-0.056372120533823,0.507238858635607,20
"STEF-VDT15","cedar","Burn+Thin",0.93828118658506,0.153441715262824,0.636725492652784,1.24257420258729,20
"STEF-VDT15","cedar","Thin",1.45099427150859,0.144990036993138,1.16904600918297,1.74309348614184,20
"STEF-VDT15","cedar","None",-1.83160071379413,0.0943853336407315,-2.0231636767054,-1.64612830310842,30
"STEF-VDT15","cedar","Burn",0.098286560249096,0.132484788755328,-0.163664985021833,0.36203508405309,30
"STEF-VDT15","cedar","Burn+Thin",0.739531080682413,0.130348656321827,0.483482356338771,0.999233441015506,30
"STEF-VDT15","cedar","Thin",1.13736896394366,0.12376117450305,0.893945106433901,1.38586673331314,30
"STEF-VDT15","cedar","None",-1.56801030178107,0.0966330462232558,-1.76754022858471,-1.37845949870253,40
"STEF-VDT15","cedar","Burn",0.00908433527534728,0.135034104337897,-0.257210912504012,0.279774833610454,40
"STEF-VDT15","cedar","Burn+Thin",0.598515636387188,0.126216876164391,0.354232311965587,0.849658019334659,40
"STEF-VDT15","cedar","Thin",0.91484826697277,0.120975767612512,0.67641388183668,1.15729151258196,40
"STEF-VDT15","cedar","None",-1.40313427826673,0.10042492545006,-1.6044487039482,-1.20463170649467,50
"STEF-VDT15","cedar","Burn",-0.0601062858020496,0.142086598979044,-0.33649816647102,0.219022260060808,50
"STEF-VDT15","cedar","Burn+Thin",0.48913556010363,0.130998026500286,0.234043966844478,0.7478912301226,50
"STEF-VDT15","cedar","Thin",0.742247805151084,0.126612213899393,0.497233309054873,0.994744583952675,50
"STEF-VDT15","cedar","None",-1.30884482270603,0.10578453288927,-1.51969354296998,-1.09977674131382,60
"STEF-VDT15","cedar","Burn",-0.116639139546088,0.150697976866094,-0.410179143582346,0.176516898932596,60
"STEF-VDT15","cedar","Burn+Thin",0.399765530484541,0.139628476355833,0.126988551460958,0.677814481826219,60
"STEF-VDT15","cedar","Thin",0.601222959407844,0.135716016516542,0.335193831149099,0.866531929458935,60
"STEF-VDT15","cedar","None",-1.27013769902413,0.11457248210474,-1.49666296280216,-1.04391589133581,70
"STEF-VDT15","cedar","Burn",-0.16443698633097,0.159656465610324,-0.475310755738661,0.141748372569882,70
"STEF-VDT15","cedar","Burn+Thin",0.324204247089326,0.149681633535711,0.0353144824125521,0.621806906208642,70
"STEF-VDT15","cedar","Thin",0.481988151269261,0.145991840966682,0.195794257517985,0.767743744090323,70
"STEF-VDT15","cedar","None",-1.2780567154001,0.128954928264485,-1.53326888230574,-1.02353253936571,80
"STEF-VDT15","cedar","Burn",-0.205841364519837,0.168460583593333,-0.535980963642418,0.120506969066557,80
"STEF-VDT15","cedar","Burn+Thin",0.258750086189316,0.160048690514419,-0.0524197662580503,0.580158415776678,80
"STEF-VDT15","cedar","Thin",0.378702262436955,0.15642789383868,0.0736078270584974,0.68299867026976,80
"STEF-VDT15","cedar","None",-1.32682494447281,0.150440284364508,-1.62290780039502,-1.03176608658207,90
"STEF-VDT15","cedar","Burn",-0.242362614367524,0.176910162477821,-0.590671660579119,0.101429928436418,90
"STEF-VDT15","cedar","Burn+Thin",0.201015424581894,0.170237358296688,-0.13247760174847,0.538749249505826,90
"STEF-VDT15","cedar","Thin",0.287597651842917,0.166593029058174,-0.0360980007796495,0.609410996025078,90
"STEF-VDT15","cedar","None",-1.41249794079493,0.179564001063563,-1.76519134687017,-1.05999930450933,100
"STEF-VDT15","cedar","Burn",-0.275031985597234,0.18493689238462,-0.638196328697465,0.0822048009875015,100
"STEF-VDT15","cedar","Burn+Thin",0.149370009905758,0.180039589142763,-0.201756300497589,0.505462949733968,100
"STEF-VDT15","cedar","Thin",0.206101800615269,0.176316098752498,-0.135094555559493,0.548064120851186,100
"STEF-VDT15","fir","None",-2.20915195277386,0.113433071169316,-2.43516535556268,-1.99116807682883,15
"STEF-VDT15","fir","Burn",-0.295746805982347,0.180607487509161,-0.64662807185677,0.0519945244826895,15
"STEF-VDT15","fir","Burn+Thin",0.857543793342672,0.199755491910828,0.45457701424531,1.24661732945603,15
"STEF-VDT15","fir","Thin",1.34343253454672,0.172906800777876,0.999725639029059,1.67732410198682,15
"STEF-VDT15","fir","None",-1.9513251333488,0.101095620351945,-2.14626051157186,-1.74440563045608,20
"STEF-VDT15","fir","Burn",-0.267234415705432,0.160464763237926,-0.579427549082887,0.0389774502686262,20
"STEF-VDT15","fir","Burn+Thin",0.77284078476459,0.167000463347799,0.436169605774841,1.09632442685232,20
"STEF-VDT15","fir","Thin",1.19655846176764,0.148690931433625,0.896454859484588,1.48061914658582,20
"STEF-VDT15","fir","None",-1.63336230058826,0.0951283023517402,-1.8142922081357,-1.42628665730679,30
"STEF-VDT15","fir","Burn",-0.227048458660822,0.14365664566145,-0.506568972538267,0.044529224333436,30
"STEF-VDT15","fir","Burn+Thin",0.653458599293318,0.133608385964857,0.387090228753973,0.912356818995969,30
"STEF-VDT15","fir","Thin",0.989551082788057,0.126774625497996,0.731190070906881,1.23458150310404,30
"STEF-VDT15","fir","None",-1.46966334343902,0.0980406099452283,-1.6533046072529,-1.25166703677588,40
"STEF-VDT15","fir","Burn",-0.198536068383907,0.14231558766587,-0.478047750205617,0.0716819681179892,40
"STEF-VDT15","fir","Burn+Thin",0.568755590715236,0.12498087549465,0.326149339163872,0.80923791894074,40
"STEF-VDT15","fir","Thin",0.842677010008974,0.123663531605651,0.574986099195693,1.08299076036349,40
"STEF-VDT15","fir","None",-1.40670229435582,0.103612346297891,-1.60145823551913,-1.17467717184684,50
"STEF-VDT15","fir","Burn",-0.176420140308778,0.147682922513099,-0.463111578888324,0.10445565551227,50
"STEF-VDT15","fir","Burn+Thin",0.50305483300021,0.129172892983534,0.254468055227437,0.75258920202361,50
"STEF-VDT15","fir","Thin",0.728752628428334,0.129195639092729,0.448891409689966,0.980040599717524,50
"STEF-VDT15","fir","None",-1.42063726003796,0.111610333964534,-1.63010426499967,-1.17062295446009,60
"STEF-VDT15","fir","Burn",-0.158350111339297,0.155834508457271,-0.460779613043966,0.138565412323783,60
"STEF-VDT15","fir","Burn+Thin",0.449373405243964,0.139173953700105,0.178784950724401,0.718431562507578,60
"STEF-VDT15","fir","Thin",0.635669631029393,0.138324233916346,0.339158731085262,0.905205200332923,60
"STEF-VDT15","fir","None",-1.49875024852509,0.123734778272709,-1.72914754763088,-1.23036595855328,70
"STEF-VDT15","fir","Burn",-0.143072119536651,0.164984462049478,-0.462755775138797,0.173169782614866,70
"STEF-VDT15","fir","Burn+Thin",0.403986404780409,0.151362750079146,0.109119475794488,0.696447326149794,70
"STEF-VDT15","fir","Thin",0.556969078106726,0.148693811822758,0.239843755738079,0.84649089961131,70
"STEF-VDT15","fir","None",-1.63344975199198,0.141874703136959,-1.90011005770056,-1.33049986457168,80
"STEF-VDT15","fir","Burn",-0.129837721062382,0.174320129731056,-0.468147988570248,0.205881695527722,80
"STEF-VDT15","fir","Burn+Thin",0.364670396665882,0.164074763620815,0.0438337687631069,0.681043891981485,80
"STEF-VDT15","fir","Thin",0.488795558250311,0.159257932647748,0.152745365881889,0.797568277163603,80
"STEF-VDT15","fir","None",-1.81983909223602,0.167243889170288,-2.13881081733067,-1.47221671711626,90
"STEF-VDT15","fir","Burn",-0.118164154294687,0.18347481747401,-0.474766127035695,0.237344940739171,90
"STEF-VDT15","fir","Burn+Thin",0.329991219772691,0.176588533413753,-0.0158394720424154,0.67083820281106,90
"STEF-VDT15","fir","Thin",0.428662252049812,0.16956663427931,0.0725244123703625,0.757097268454697,90
"STEF-VDT15","fir","None",-2.05457485175584,0.200229742523707,-2.4403977439742,-1.64920394694637,100
"STEF-VDT15","fir","Burn",-0.107721792987253,0.192289987485419,-0.480867898585079,0.267538961404293,100
"STEF-VDT15","fir","Burn+Thin",0.298969638950856,0.188609509375401,-0.0719092147710094,0.663408558353607,100
"STEF-VDT15","fir","Thin",0.37487117666967,0.179438709816785,-0.000486965558683439,0.722506405968408,100
"STEF-VDT15","yellow_pine","None",-2.28893929007771,0.226662416674324,-2.74685331642497,-1.84719133174769,15
"STEF-VDT15","yellow_pine","Burn",-0.580036906822638,0.410165848895122,-1.41233645808968,0.196227544648159,15
"STEF-VDT15","yellow_pine","Burn+Thin",0.581011364949477,0.446402432055877,-0.301349907457729,1.44816134495083,15
"STEF-VDT15","yellow_pine","Thin",1.93736002246687,0.527649116735689,0.907379768708493,2.987562200546,15
"STEF-VDT15","yellow_pine","None",-1.86215084877975,0.188392476680447,-2.2430606182614,-1.49192382655529,20
"STEF-VDT15","yellow_pine","Burn",-0.558229823886791,0.34289165275023,-1.25883528955284,0.0877828106612894,20
"STEF-VDT15","yellow_pine","Burn+Thin",0.489148663350774,0.370870278925193,-0.247850663469843,1.20452613705464,20
"STEF-VDT15","yellow_pine","Thin",1.63599765930216,0.436643172334439,0.782951823375856,2.50553162062746,20
"STEF-VDT15","yellow_pine","None",-1.29390572032369,0.155069747331757,-1.60805161634609,-0.982519698227391,30
"STEF-VDT15","yellow_pine","Burn",-0.527494466744961,0.263210834542291,-1.06750512381225,-0.0267478504862945,30
"STEF-VDT15","yellow_pine","Burn+Thin",0.359675457330718,0.276217450159039,-0.194676999388525,0.892683080622652,30
"STEF-VDT15","yellow_pine","Thin",1.21125126437067,0.317474777223919,0.589908691627107,1.84004882616133,30
"STEF-VDT15","yellow_pine","None",-0.936079540627792,0.149282891656415,-1.23677900369856,-0.632312494956327,40
"STEF-VDT15","yellow_pine","Burn",-0.505687383809114,0.226737627713704,-0.966691318516303,-0.065267145503629,40
"STEF-VDT15","yellow_pine","Burn+Thin",0.267812755732015,0.226082245091863,-0.187381723304819,0.707476800243805,40
"STEF-VDT15","yellow_pine","Thin",0.909888901205961,0.247028795096743,0.422969134494539,1.39868719710991,40
"STEF-VDT15","yellow_pine","None",-0.705427298275725,0.152683658076375,-1.01067240316542,-0.39566306720994,50
"STEF-VDT15","yellow_pine","Burn",-0.488772496174174,0.216613131916016,-0.924611365855082,-0.0658280543006828,50
"STEF-VDT15","yellow_pine","Burn+Thin",0.196558508662143,0.2050017392237,-0.214287723987719,0.596021907295614,50
"STEF-VDT15","yellow_pine","Thin",0.676134092031023,0.209508290001644,0.25803033103452,1.09308557051264,50
"STEF-VDT15","yellow_pine","None",-0.564869445320499,0.158079854941484,-0.880464834127224,-0.245338542933188,60
"STEF-VDT15","yellow_pine","Burn",-0.474952026667284,0.222108119612635,-0.919593843133682,-0.0392476354161269,60
"STEF-VDT15","yellow_pine","Burn+Thin",0.138339549711959,0.203409101164718,-0.268754601973163,0.538584097747396,60
"STEF-VDT15","yellow_pine","Thin",0.485142506274475,0.196960275617882,0.0890605827912222,0.875318269058986,60
"STEF-VDT15","yellow_pine","None",-0.494626621677922,0.163804599135102,-0.820775682294738,-0.167106805928501,70
"STEF-VDT15","yellow_pine","Burn",-0.463266986195485,0.235870651803286,-0.932188204174702,-0.000463334885790208,70
"STEF-VDT15","yellow_pine","Burn+Thin",0.0891161212879227,0.213491190648219,-0.333084225401361,0.512278628949438,70
"STEF-VDT15","yellow_pine","Thin",0.32366142140786,0.201797641490483,-0.0800009660199499,0.722922803919673,70
"STEF-VDT15","yellow_pine","None",-0.48289231203288,0.17067858469082,-0.82301576180714,-0.143148852297596,80
"STEF-VDT15","yellow_pine","Burn",-0.453144943731437,0.253482487903031,-0.955330215356265,0.044836522109394,80
"STEF-VDT15","yellow_pine","Burn+Thin",0.0464768481132562,0.229651548087143,-0.406983146671726,0.501980705452826,80
"STEF-VDT15","yellow_pine","Thin",0.183780143109762,0.216830956010173,-0.246210426937349,0.61320742324838,80
"STEF-VDT15","yellow_pine","None",-0.522051071927819,0.180648091022199,-0.880673138535951,-0.162310720084901,90
"STEF-VDT15","yellow_pine","Burn",-0.444216669525455,0.272560416826238,-0.98555443448888,0.0902921522601977,90
"STEF-VDT15","yellow_pine","Burn+Thin",0.00886634369190292,0.248534120761045,-0.476832200890706,0.50230105796006,90
"STEF-VDT15","yellow_pine","Thin",0.0603961113429897,0.236914903159406,-0.408750896053527,0.526996909688513,90
"STEF-VDT15","yellow_pine","None",-0.606903129348595,0.195975666260151,-0.995704268475871,-0.216674175386857,100
"STEF-VDT15","yellow_pine","Burn",-0.436230056096497,0.29188972768128,-1.01558967544139,0.13565794932773,100
"STEF-VDT15","yellow_pine","Burn+Thin",-0.0247773989566164,0.268329619432799,-0.549656444890858,0.507326837890576,100
"STEF-VDT15","yellow_pine","Thin",-0.0499746660651765,0.259055151224618,-0.560349434482957,0.457697459748202,100
"STEF-VDT15","white_pine","None",-2.64052445373132,0.217156256304223,-3.08650373253161,-2.23915084366323,15
"STEF-VDT15","white_pine","Burn",0.545880533380997,0.411812665419661,-0.302250439907277,1.34358713656245,15
"STEF-VDT15","white_pine","Burn+Thin",1.03838605932544,0.342750115035605,0.356551866598683,1.71329512200513,15
"STEF-VDT15","white_pine","Thin",1.04890063099583,0.266747494697804,0.538518980774719,1.58626739718514,15
"STEF-VDT15","white_pine","None",-2.2574206401699,0.174700341172298,-2.61613602543632,-1.93572846691441,20
"STEF-VDT15","white_pine","Burn",0.398377588924092,0.332523129153331,-0.290201479561409,1.04426818457303,20
"STEF-VDT15","white_pine","Burn+Thin",0.874179771584628,0.284054058693845,0.306781777337703,1.43090885097613,20
"STEF-VDT15","white_pine","Thin",0.956014342131688,0.222123648377494,0.529579923149722,1.40479470874643,20
"STEF-VDT15","white_pine","None",-1.73669072068978,0.127318595418831,-1.99570515289141,-1.49581558544443,30
"STEF-VDT15","white_pine","Burn",0.190483865096321,0.23578083136119,-0.301457271157111,0.643052708290958,30
"STEF-VDT15","white_pine","Burn+Thin",0.642744007640641,0.207841518364352,0.221459212729502,1.04926367943645,30
"STEF-VDT15","white_pine","Thin",0.825098470888521,0.166234106785225,0.499351764112043,1.15901010081942,30
"STEF-VDT15","white_pine","None",-1.39342448410454,0.108490936777323,-1.60968984423074,-1.18535519785089,40
"STEF-VDT15","white_pine","Burn",0.0429809206394163,0.191295984990013,-0.362136759484038,0.397564979793008,40
"STEF-VDT15","white_pine","Burn+Thin",0.478537719899832,0.163682141767166,0.14564476147076,0.795063105996733,40
"STEF-VDT15","white_pine","Thin",0.732212182024381,0.136561376611312,0.462353245950011,1.00274221098729,40
"STEF-VDT15","white_pine","None",-1.15425892752673,0.104242007114072,-1.36086768813874,-0.949750684509696,50
"STEF-VDT15","white_pine","Burn",-0.0714312517107853,0.182472223903783,-0.457273777065673,0.260119588304922,50
"STEF-VDT15","white_pine","Burn+Thin",0.351169427943619,0.141040640796502,0.0617787776148929,0.623216295932285,50
"STEF-VDT15","white_pine","Thin",0.660163978989359,0.123883310206518,0.412271719105517,0.900803921103086,50
"STEF-VDT15","white_pine","None",-0.986516213127782,0.106277882854152,-1.19345063330134,-0.775907980355428,60
"STEF-VDT15","white_pine","Burn",-0.164912803188355,0.194986081146729,-0.569909088127603,0.193964221902074,60
"STEF-VDT15","white_pine","Burn+Thin",0.247101955955846,0.134290076524887,-0.0253242340135646,0.508889420535495,60
"STEF-VDT15","white_pine","Thin",0.601296310781214,0.122586728755609,0.353742782416558,0.838314443461485,60
"STEF-VDT15","white_pine","None",-0.872764987049006,0.110721753285016,-1.08734128636689,-0.649932576384225,70
"STEF-VDT15","white_pine","Burn",-0.243950328783091,0.21729689480306,-0.692748930349307,0.160493734901501,70
"STEF-VDT15","white_pine","Burn+Thin",0.159114162099144,0.138251562612584,-0.11834188122766,0.430769214522381,70
"STEF-VDT15","white_pine","Thin",0.551524406494623,0.128163912621672,0.291481313402098,0.798875441658678,70
"STEF-VDT15","white_pine","None",-0.802600284447264,0.116572381512855,-1.02857181097866,-0.568376642531137,80
"STEF-VDT15","white_pine","Burn",-0.312415747645259,0.242982959671934,-0.811392715239159,0.147140530138459,80
"STEF-VDT15","white_pine","Burn+Thin",0.0828956682150375,0.148365263132948,-0.214018456781222,0.375063091365006,80
"STEF-VDT15","white_pine","Thin",0.508410021917074,0.137380054857384,0.227136338458309,0.774064096350101,80
"STEF-VDT15","white_pine","None",-0.769310689656643,0.124317943279028,-1.01298109279816,-0.52005466975454,90
"STEF-VDT15","white_pine","Burn",-0.372806527016126,0.269145829095494,-0.918260411228818,0.140045750481798,90
"STEF-VDT15","white_pine","Burn+Thin",0.0156661920118591,0.161499613253968,-0.305283026980974,0.335469563448961,90
"STEF-VDT15","white_pine","Thin",0.470380439538047,0.148270866878205,0.167999815559908,0.757267127382528,90
"STEF-VDT15","white_pine","None",-0.768313695175522,0.135075258665158,-1.02999035952888,-0.498017901793762,100
"STEF-VDT15","white_pine","Burn",-0.426827919995461,0.294591726927851,-1.02132507455843,0.135059381832564,100
"STEF-VDT15","white_pine","Burn+Thin",-0.0444726237411764,0.175853507876469,-0.390603273530011,0.303142937750428,100
"STEF-VDT15","white_pine","Thin",0.436361818882052,0.159760714991991,0.110129207926655,0.745610165484127,100
"Teakettle15","cedar","None",-1.99969640389217,0.157115097302061,-2.30595518252526,-1.68116978657851,15
"Teakettle15","cedar","Burn",-0.0573965648913588,0.205707112871195,-0.474151483678078,0.336761321328334,15
"Teakettle15","cedar","Burn+Thin",0.731942162893947,0.180227329615552,0.360736672343875,1.08469980406375,15
"Teakettle15","cedar","Thin",1.14073385122678,0.187845411419533,0.760200581844243,1.50451054586395,15
"Teakettle15","cedar","None",-1.81989525719058,0.147081715903246,-2.10311135323192,-1.52120438492695,20
"Teakettle15","cedar","Burn",-0.111735009337984,0.195719328624489,-0.510231453592698,0.268900039995079,20
"Teakettle15","cedar","Burn+Thin",0.603822004361806,0.171375485810867,0.253640549091657,0.935110974293587,20
"Teakettle15","cedar","Thin",0.99610839731408,0.17750481723243,0.641302274610056,1.34111286758633,20
"Teakettle15","cedar","None",-1.57843292280997,0.138101125881455,-1.84764455659752,-1.2960809898805,30
"Teakettle15","cedar","Burn",-0.188320745335396,0.186541937182162,-0.574355828890244,0.178368888637095,30
"Teakettle15","cedar","Burn+Thin",0.423246782946934,0.163446251925625,0.0897621333109224,0.742278530368173,30
"Teakettle15","cedar","Thin",0.79227026862522,0.168845174485391,0.45457096061444,1.12122175898005,30
"Teakettle15","cedar","None",-1.42340134228839,0.135740214148621,-1.68837009434512,-1.14841940494417,40
"Teakettle15","cedar","Burn",-0.242659189782021,0.183926873922777,-0.618128980215689,0.115038997900764,40
"Teakettle15","cedar","Burn+Thin",0.295126624414792,0.161430096278197,-0.0356064357928173,0.606370314750182,40
"Teakettle15","cedar","Thin",0.647644814712524,0.167423425834661,0.314158349826521,0.976995856341385,40
"Teakettle15","cedar","None",-1.3199945953632,0.136130052782809,-1.58822104336976,-1.04603674475197,50
"Teakettle15","cedar","Burn",-0.284807361767059,0.184246251773333,-0.663176653877334,0.0811300321137802,50
"Teakettle15","cedar","Burn+Thin",0.19574890884792,0.162030756003709,-0.133452169984067,0.507749792525135,50
"Teakettle15","cedar","Thin",0.53546459742798,0.169123987125217,0.202523433667934,0.870478811347135,50
"Teakettle15","cedar","None",-1.25270919699354,0.137733038907943,-1.52210773832051,-0.974276085281228,60
"Teakettle15","cedar","Burn",-0.319244925779433,0.186027858555411,-0.697668869128609,0.0505510379501176,60
"Teakettle15","cedar","Burn+Thin",0.11455140299992,0.163915255339495,-0.217415695185153,0.433023198659516,60
"Teakettle15","cedar","Thin",0.443806686023665,0.172285264325265,0.10755433715319,0.784954945440477,60
"Teakettle15","cedar","None",-1.21327511612023,0.13988988859629,-1.48822194373593,-0.931012989379076,70
"Teakettle15","cedar","Burn",-0.348361471279873,0.188572420314127,-0.729613032516506,0.026074916156682,70
"Teakettle15","cedar","Burn+Thin",0.0458998899981285,0.166454605089922,-0.288096137968438,0.367022556918363,70
"Teakettle15","cedar","Thin",0.366311026141331,0.176136025935192,0.0251355106553947,0.714188662276267,70
"Teakettle15","cedar","None",-1.19675588119203,0.142334607957716,-1.47808385920399,-0.911641319058363,80
"Teakettle15","cedar","Burn",-0.373583370226058,0.191515341667336,-0.758427083798306,0.00730398021468553,80
"Teakettle15","cedar","Burn+Thin",-0.0135687555322212,0.169323777326637,-0.354073652557883,0.313785196075972,80
"Teakettle15","cedar","Thin",0.299181232110968,0.180288579496054,-0.0497943225661401,0.655752637893542,80
"Teakettle15","cedar","None",-1.19996736684162,0.144998530819157,-1.48648161848099,-0.910001840233233,90
"Teakettle15","cedar","Burn",-0.395830661776845,0.194654692969525,-0.786216190955205,-0.00902812540407162,90
"Teakettle15","cedar","Burn+Thin",-0.0660238184149528,0.172344752383189,-0.4115458641728,0.268761930906707,90
"Teakettle15","cedar","Thin",0.239968557334805,0.184538367642975,-0.117099778835088,0.606656398604178,90
"Teakettle15","cedar","None",-1.2207354746212,0.147921092859193,-1.51222173345791,-0.923477334817801,100
"Teakettle15","cedar","Burn",-0.415731542211096,0.197874088792143,-0.812110613819574,-0.0200862241589133,100
"Teakettle15","cedar","Burn+Thin",-0.112946471099094,0.17541632247893,-0.461316730482003,0.230334695661483,100
"Teakettle15","cedar","Thin",0.187001014826424,0.188774609394817,-0.174566417298035,0.563350595028423,100
"Teakettle15","fir","None",-1.69480075786951,0.0833421576814082,-1.85622671001361,-1.53224128572032,15
"Teakettle15","fir","Burn",0.255864854484307,0.114670555830253,0.0256459395050461,0.483238499889124,15
"Teakettle15","fir","Burn+Thin",0.787529609033931,0.102165024945841,0.589506579852915,0.995328607562086,15
"Teakettle15","fir","Thin",0.794229717264888,0.0997660658220563,0.599709838043334,0.991183824313437,15
"Teakettle15","fir","None",-1.60042315753824,0.0813258378605273,-1.75694790229106,-1.44074626841851,20
"Teakettle15","fir","Burn",0.239649182542124,0.112315482799012,0.0156790256099664,0.460047464800764,20
"Teakettle15","fir","Burn+Thin",0.711752539300154,0.0993172691271553,0.518841149265679,0.913234119438244,20
"Teakettle15","fir","Thin",0.70875145190316,0.0977565657464826,0.518428247312419,0.900610790088386,20
"Teakettle15","fir","None",-1.48197337172246,0.0800061719589027,-1.63450297725194,-1.32415782635708,30
"Teakettle15","fir","Burn",0.216794476577831,0.110489380696545,-0.00235728380748513,0.431198005584934,30
"Teakettle15","fir","Burn+Thin",0.604950758049514,0.097156415336439,0.414634428093649,0.800628188136933,30
"Teakettle15","fir","Thin",0.588276603364933,0.0963723334161142,0.39678359109715,0.779400966861375,30
"Teakettle15","fir","None",-1.41778382692586,0.080012506373293,-1.5711237846088,-1.26042726947443,40
"Teakettle15","fir","Burn",0.200578804635648,0.110295612473711,-0.0168969010947663,0.413960199292962,40
"Teakettle15","fir","Burn+Thin",0.529173688315737,0.0970087320473175,0.339044417068645,0.722831855094416,40
"Teakettle15","fir","Thin",0.502798338003205,0.0964532495791399,0.311644146304375,0.691670731922663,40
"Teakettle15","fir","None",-1.38852460018602,0.0804017209366406,-1.54423407310617,-1.22962384771408,50
"Teakettle15","fir","Burn",0.188000952309687,0.110781316106932,-0.0324684322177146,0.401289858709388,50
"Teakettle15","fir","Burn+Thin",0.4703964266516,0.0976946796896976,0.280058849382255,0.666867495864017,50
"Teakettle15","fir","Thin",0.436496244409272,0.0971248600767895,0.244040370954558,0.628656765822974,50
"Teakettle15","fir","None",-1.38558562835201,0.0808772774895721,-1.54132988008642,-1.22655850291853,60
"Teakettle15","fir","Burn",0.177724098671355,0.111585811680709,-0.0453705856064874,0.394576839220987,60
"Teakettle15","fir","Burn+Thin",0.422371907065098,0.0987644412824531,0.228971792970268,0.621467088568475,60
"Teakettle15","fir","Thin",0.382323489464978,0.0980608505557128,0.188365391146228,0.577045419512859,60
"Teakettle15","fir","None",-1.40437404153085,0.0813699135482922,-1.56179883095341,-1.24438150473924,70
"Teakettle15","fir","Burn",0.169035142726204,0.112546012363841,-0.0552611671666025,0.386763889461223,70
"Teakettle15","fir","Burn+Thin",0.381767754309846,0.100014993336606,0.185449099332296,0.58195731544914,70
"Teakettle15","fir","Thin",0.336521077782985,0.0991163208468669,0.140842825214575,0.53278914853457,70
"Teakettle15","fir","None",-1.44214830569411,0.0819136791406517,-1.60174741459829,-1.28131513077524,80
"Teakettle15","fir","Burn",0.161508426729172,0.113579927077703,-0.064688575249554,0.38170505604588,80
"Teakettle15","fir","Burn+Thin",0.346594837331321,0.101345139705597,0.147601227035236,0.549789015035648,80
"Teakettle15","fir","Thin",0.29684522410325,0.100220045736333,0.0994409348843851,0.495859031218333,80
"Teakettle15","fir","None",-1.49714007518137,0.0826000234134428,-1.65939712349706,-1.33567362695598,90
"Teakettle15","fir","Burn",0.154869392707063,0.114643460254545,-0.0729611004313133,0.376740596673579,90
"Teakettle15","fir","Burn+Thin",0.315570125814458,0.102701245124137,0.114332399654935,0.521068356033746,90
"Teakettle15","fir","Thin",0.261848640926751,0.101334795067357,0.0627285183008316,0.463014831397908,90
"Teakettle15","fir","None",-1.56814193598974,0.0835567821047909,-1.73183860509953,-1.40422265164196,100
"Teakettle15","fir","Burn",0.148930574403211,0.115711874009077,-0.0815132195889101,0.371851858245822,100
"Teakettle15","fir","Burn+Thin",0.287817575667183,0.104053851928082,0.0853679901355703,0.494382041141386,100
"Teakettle15","fir","Thin",0.230543130509317,0.102440448456142,0.0306309256927319,0.433297976716308,100
"Teakettle15","yellow_pine","None",-2.1344136648837,0.269551341530431,-2.68073652948354,-1.63066504242451,15
"Teakettle15","yellow_pine","Burn",0.666384136424538,0.347430267781806,0.00504975327168733,1.36814013634624,15
"Teakettle15","yellow_pine","Burn+Thin",1.20742082580136,0.322782301333937,0.593340926803791,1.86289734636795,15
"Teakettle15","yellow_pine","Thin",0.967498694797231,0.300072762168932,0.398331706627249,1.58177799984578,15
"Teakettle15","yellow_pine","None",-2.03913004221349,0.239125069950084,-2.52565606365162,-1.59661205151217,20
"Teakettle15","yellow_pine","Burn",0.569464003626499,0.30607239589772,-0.00836009540397248,1.1912810002797,20
"Teakettle15","yellow_pine","Burn+Thin",1.08658354440465,0.286684022248575,0.546818343824055,1.67511159854668,20
"Teakettle15","yellow_pine","Thin",0.88284782784508,0.267125078084944,0.380467283871305,1.43348128255377,20
"Teakettle15","yellow_pine","None",-1.92455544893707,0.20991723422353,-2.36022198530658,-1.53804072337977,30
"Teakettle15","yellow_pine","Burn",0.432862748678986,0.26233917726198,-0.0572623328483349,0.975751669630465,30
"Teakettle15","yellow_pine","Burn+Thin",0.916272961797106,0.247599975188258,0.45327921542212,1.43460642444585,30
"Teakettle15","yellow_pine","Thin",0.763539131868006,0.234168211186533,0.322570641081897,1.25415162049238,30
"Teakettle15","yellow_pine","None",-1.87013629462691,0.200713114589841,-2.29005415817339,-1.49900295474201,40
"Teakettle15","yellow_pine","Burn",0.335942615880948,0.246119069690434,-0.126340254900661,0.849315890532821,40
"Teakettle15","yellow_pine","Burn+Thin",0.795435680400405,0.231677428091784,0.359854530544773,1.28493234830363,40
"Teakettle15","yellow_pine","Thin",0.678888264915854,0.223783052373857,0.250240056768244,1.14699521549013,40
"Teakettle15","yellow_pine","None",-1.85571630129803,0.199862308608739,-2.27282809319525,-1.48191451923835,50
"Teakettle15","yellow_pine","Burn",0.260765520408569,0.244018959505125,-0.19716859633556,0.772205771751985,50
"Teakettle15","yellow_pine","Burn+Thin",0.701707003210992,0.227732601423184,0.273760310882141,1.18234269840327,50
"Teakettle15","yellow_pine","Thin",0.613227951387989,0.224436832097452,0.180448940163268,1.08391791787599,50
"Teakettle15","yellow_pine","None",-1.87231732523634,0.202525873545873,-2.29361316125068,-1.48852881927242,60
"Teakettle15","yellow_pine","Burn",0.199341360933435,0.249369964482805,-0.274260773623441,0.720268841831831,60
"Teakettle15","yellow_pine","Burn+Thin",0.625125097792855,0.230314865099331,0.186591463601007,1.1099644915525,60
"Teakettle15","yellow_pine","Thin",0.55957956893878,0.230637792179149,0.108813626941814,1.03752426202699,60
"Teakettle15","yellow_pine","None",-1.91515015116709,0.206846207129993,-2.34426730089456,-1.51935546465937,70
"Teakettle15","yellow_pine","Burn",0.147407974078854,0.258573072729572,-0.348843033112082,0.677926585621621,70
"Teakettle15","yellow_pine","Burn+Thin",0.560376019350015,0.236460959092208,0.107591271783577,1.05666911668446,70
"Teakettle15","yellow_pine","Thin",0.514220507884226,0.23956542224737,0.0452992299993882,1.00404059415128,70
"Teakettle15","yellow_pine","None",-1.98135604436639,0.212402039075209,-2.41685399459968,-1.57036481969585,80
"Teakettle15","yellow_pine","Burn",0.102421228135396,0.269663426708382,-0.420446552826211,0.652562814561061,80
"Teakettle15","yellow_pine","Burn+Thin",0.504287816396155,0.244505600090323,0.0343917785944226,1.0134311223184,80
"Teakettle15","yellow_pine","Thin",0.474928701986628,0.249739570821281,-0.0127193635557219,0.983267508381226,80
"Teakettle15","yellow_pine","None",-2.06909106232221,0.219502369251531,-2.51477690600404,-1.64320639450894,90
"Teakettle15","yellow_pine","Burn",0.0627401059859225,0.281566476643302,-0.483836620034066,0.633419212516857,90
"Teakettle15","yellow_pine","Burn+Thin",0.454814515185306,0.253500274358476,-0.0328790854707284,0.983548051529635,90
"Teakettle15","yellow_pine","Thin",0.440270872961706,0.260374820829752,-0.0694650251894504,0.966586167438146,90
"Teakettle15","yellow_pine","None",-2.17709617403206,0.228825267638397,-2.64112456580157,-1.73234242754333,100
"Teakettle15","yellow_pine","Burn",0.0272441326630175,0.293693887354823,-0.543455219402302,0.61845559117698,100
"Teakettle15","yellow_pine","Burn+Thin",0.410559139206741,0.262900063884842,-0.0953522578623675,0.955908707605774,100
"Teakettle15","yellow_pine","Thin",0.409268388458763,0.271052314115027,-0.122776750291121,0.953659406682932,100
"Teakettle15","white_pine","None",-2.33086497630573,0.165295402142769,-2.64831926825871,-2.01296461484251,15
"Teakettle15","white_pine","Burn",0.433978266872327,0.207070731780511,0.0198697796923521,0.85104354070718,15
"Teakettle15","white_pine","Burn+Thin",1.23035103814902,0.197611148748469,0.838404165083537,1.62192968102755,15
"Teakettle15","white_pine","Thin",1.25029061622326,0.184121749119035,0.892167131095891,1.60938046941319,15
"Teakettle15","white_pine","None",-2.0704725120451,0.152848331232884,-2.36884280604025,-1.77835522194615,20
"Teakettle15","white_pine","Burn",0.349671679274652,0.194798986211565,-0.0479517735841776,0.743743580219413,20
"Teakettle15","white_pine","Burn+Thin",1.07755276282599,0.182621281360724,0.71918314013229,1.44082339436019,20
"Teakettle15","white_pine","Thin",1.09091258188606,0.173464045238796,0.750858671820307,1.42316527065809,20
"Teakettle15","white_pine","None",-1.71803104423608,0.13982878914618,-1.99677982081686,-1.45149481247589,30
"Teakettle15","white_pine","Burn",0.23084821779444,0.181720256462946,-0.140346443868468,0.601950565031896,30
"Teakettle15","white_pine","Burn+Thin",0.86219568932264,0.166223871118084,0.531679384977818,1.19647723767944,30
"Teakettle15","white_pine","Thin",0.866281858908242,0.161678676204201,0.548714835589005,1.18660233085874,30
"Teakettle15","white_pine","None",-1.48781239297129,0.134265347588984,-1.76716803346271,-1.2378172056035,40
"Teakettle15","white_pine","Burn",0.146541630196764,0.175971784871308,-0.213026984756516,0.508764747471535,40
"Teakettle15","white_pine","Burn+Thin",0.709397413999607,0.158785947002207,0.392063731154215,1.02848929489632,40
"Teakettle15","white_pine","Thin",0.706903824571041,0.156032720626278,0.397613130329485,1.0199623599962,40
"Teakettle15","white_pine","None",-1.32976130027362,0.132044389544347,-1.6083849047751,-1.08627365319627,50
"Teakettle15","white_pine","Burn",0.0811483604827438,0.173761407625724,-0.274244330806283,0.433538514434142,50
"Teakettle15","white_pine","Burn+Thin",0.590877863929336,0.155807629133046,0.279702018492771,0.914233939128062,50
"Teakettle15","white_pine","Thin",0.583280616908554,0.153399512629367,0.280354263613842,0.893841365595261,50
"Teakettle15","white_pine","None",-1.22158181943609,0.131411796773916,-1.49875867197502,-0.978867374025631,60
"Teakettle15","white_pine","Burn",0.0277181687165524,0.17347740328944,-0.320714642035614,0.379671924644357,60
"Teakettle15","white_pine","Burn+Thin",0.494040340496255,0.155302513751532,0.186746636209845,0.81820099621151,60
"Teakettle15","white_pine","Thin",0.482273101593225,0.152445387709092,0.181821064123577,0.795878626853435,60
"Teakettle15","white_pine","None",-1.15138061349123,0.1315341916103,-1.43464103727622,-0.907075420877046,70
"Teakettle15","white_pine","Burn",-0.0174564147440707,0.174312928805217,-0.36104009701913,0.337527557644252,70
"Teakettle15","white_pine","Burn+Thin",0.41216538104279,0.156246202474614,0.110145892808817,0.729156141367324,70
"Teakettle15","white_pine","Thin",0.396872464239537,0.152496639494605,0.0959804033026974,0.71179499820799,70
"Teakettle15","white_pine","None",-1.11205842015467,0.132010404289981,-1.39241468736931,-0.868959396441325,80
"Teakettle15","white_pine","Burn",-0.0565884188811228,0.175822886186014,-0.402502119454198,0.303592067958999,80
"Teakettle15","white_pine","Burn+Thin",0.341242065173222,0.158062354003773,0.0359606250735366,0.65716383921363,80
"Teakettle15","white_pine","Thin",0.322895067256023,0.153176600287419,0.0172089453182455,0.643488806095686,80
"Teakettle15","white_pine","None",-1.09903606969062,0.132667020389754,-1.37961166073819,-0.859117659850747,90
"Teakettle15","white_pine","Burn",-0.0911052927636599,0.177745456010818,-0.43728933241405,0.27131610716961,90
"Teakettle15","white_pine","Burn+Thin",0.278683266992903,0.160408325488133,-0.0338761483982641,0.599134188279466,90
"Teakettle15","white_pine","Thin",0.257642378615408,0.15425993850522,-0.0474356669797817,0.575715192209046,90
"Teakettle15","white_pine","None",-1.1091869371499,0.133462169213855,-1.38529859523503,-0.87293498958593,100
"Teakettle15","white_pine","Burn",-0.121981688595144,0.17991949692577,-0.473758325516012,0.243505257765431,100
"Teakettle15","white_pine","Burn+Thin",0.222722515102951,0.16307252252657,-0.0957535760152083,0.550339687492245,100
"Teakettle15","white_pine","Thin",0.199271859593536,0.155605202819352,-0.102496311203234,0.51531473564388,100
"Sequoia_Tharp15","white_pine","None",-1.59578788797417,0.31592810630676,-2.21315837136347,-0.970926413105181,15
"Sequoia_Tharp15","white_pine","Burn",0.433259419629228,0.493904195809139,-0.530158900924206,1.40748367031667,15
"Sequoia_Tharp15","white_pine","None",-1.53404120520629,0.267963385131308,-2.05865821994105,-1.00863148046558,20
"Sequoia_Tharp15","white_pine","Burn",0.427762321755731,0.428390285781515,-0.40176168052241,1.27790737776577,20
"Sequoia_Tharp15","white_pine","None",-1.45745196386943,0.233595746085711,-1.91923711771289,-1.00136967967691,30
"Sequoia_Tharp15","white_pine","Burn",0.420014597455212,0.356791419178084,-0.26941289081893,1.13046015939617,30
"Sequoia_Tharp15","white_pine","None",-1.4173347514202,0.23632586647976,-1.88993311735647,-0.959196860159452,40
"Sequoia_Tharp15","white_pine","Burn",0.414517499581715,0.328555098014027,-0.22353148316981,1.0665152681149,40
"Sequoia_Tharp15","white_pine","None",-1.40092702181379,0.249672526807479,-1.90222208165479,-0.921222020559283,50
"Sequoia_Tharp15","white_pine","Burn",0.410253619212113,0.323538365528238,-0.216232800413994,1.04734185214256,50
"Sequoia_Tharp15","white_pine","None",-1.40254399670804,0.263670318663624,-1.93541352922086,-0.897574959576875,60
"Sequoia_Tharp15","white_pine","Burn",0.406769775281196,0.331085026087109,-0.235930079359371,1.06042142372675,60
"Sequoia_Tharp15","white_pine","None",-1.41915324221271,0.275365222329698,-1.97596240514555,-0.89312444928377,70
"Sequoia_Tharp15","white_pine","Burn",0.403824227207746,0.345160443217367,-0.276568438891045,1.08452145131845,70
"Sequoia_Tharp15","white_pine","None",-1.44894466553338,0.284495398886576,-2.02144034911264,-0.906793263816891,80
"Sequoia_Tharp15","white_pine","Burn",0.401272677407699,0.362404585303218,-0.309891649835911,1.11621112030684,80
"Sequoia_Tharp15","white_pine","None",-1.49075071970371,0.291928748835312,-2.07829007810123,-0.934473352994664,90
"Sequoia_Tharp15","white_pine","Burn",0.399022050980677,0.380982727623071,-0.347210329077052,1.15195256066973,90
"Sequoia_Tharp15","white_pine","None",-1.54377421185143,0.299117822711347,-2.13916304471576,-0.975586065316942,100
"Sequoia_Tharp15","white_pine","Burn",0.397008797038097,0.399903987444407,-0.38919379782865,1.18464861387204,100
